{"stats":{"minecraft:picked_up":{"minecraft:birch_log":5,"minecraft:crafting_table":1,"minecraft:oak_log":11,"minecraft:dirt":5,"minecraft:cobblestone":35},"minecraft:mined":{"minecraft:grass_block":2,"minecraft:oak_log":11,"minecraft:dirt":3,"minecraft:birch_log":5,"minecraft:stone":36,"minecraft:birch_leaves":2,"minecraft:crafting_table":1},"minecraft:crafted":{"minecraft:stone_sword":1,"minecraft:birch_planks":20,"minecraft:stone_axe":1,"minecraft:crafting_table":2,"minecraft:stick":12,"minecraft:stone_pickaxe":1,"minecraft:wooden_pickaxe":1},"minecraft:used":{"minecraft:stone_axe":10,"minecraft:dirt":5,"minecraft:crafting_table":2,"minecraft:stone_pickaxe":32,"minecraft:wooden_pickaxe":7},"minecraft:custom":{"minecraft:time_since_rest":7885,"minecraft:crouch_one_cm":1879,"minecraft:sprint_one_cm":6615,"minecraft:play_time":7885,"minecraft:walk_one_cm":6129,"minecraft:sneak_time":687,"minecraft:jump":47,"minecraft:leave_game":1,"minecraft:time_since_death":7885,"minecraft:total_world_time":7885,"minecraft:interact_with_crafting_table":3,"minecraft:fall_one_cm":209,"minecraft:fly_one_cm":7764}},"DataVersion":3465}