{"stats":{"minecraft:used":{"minecraft:stone_axe":11,"minecraft:dirt":5,"minecraft:crafting_table":2,"minecraft:stone_pickaxe":32,"minecraft:wooden_pickaxe":7},"minecraft:mined":{"minecraft:grass_block":3,"minecraft:oak_log":11,"minecraft:dirt":3,"minecraft:birch_log":5,"minecraft:stone":36,"minecraft:birch_leaves":2,"minecraft:crafting_table":2},"minecraft:custom":{"minecraft:time_since_rest":8591,"minecraft:crouch_one_cm":1879,"minecraft:play_time":8591,"minecraft:sprint_one_cm":7935,"minecraft:walk_one_cm":7376,"minecraft:sneak_time":687,"minecraft:jump":66,"minecraft:leave_game":2,"minecraft:time_since_death":8591,"minecraft:total_world_time":8591,"minecraft:interact_with_crafting_table":3,"minecraft:fly_one_cm":12545,"minecraft:fall_one_cm":209},"minecraft:crafted":{"minecraft:stone_sword":1,"minecraft:birch_planks":20,"minecraft:stone_axe":1,"minecraft:crafting_table":2,"minecraft:stick":12,"minecraft:wooden_pickaxe":1,"minecraft:stone_pickaxe":1},"minecraft:picked_up":{"minecraft:birch_log":5,"minecraft:crafting_table":2,"minecraft:oak_log":11,"minecraft:oak_sapling":1,"minecraft:dirt":6,"minecraft:cobblestone":35}},"DataVersion":3465}